{
  "accuracy": 0.8715447154471545,
  "precision": 0.8799408626293359,
  "recall": 0.8715447154471545,
  "f1_score": 0.8697724759743782,
  "classification_report": {
    "coaching_changes": {
      "precision": 0.0,
      "recall": 0.0,
      "f1-score": 0.0,
      "support": 1.0
    },
    "coaching_staff": {
      "precision": 1.0,
      "recall": 1.0,
      "f1-score": 1.0,
      "support": 4.0
    },
    "constructive_anger": {
      "precision": 1.0,
      "recall": 1.0,
      "f1-score": 1.0,
      "support": 1.0
    },
    "constructive_suggestions": {
      "precision": 0.5,
      "recall": 0.3333333333333333,
      "f1-score": 0.4,
      "support": 3.0
    },
    "external_factors": {
      "precision": 1.0,
      "recall": 0.875,
      "f1-score": 0.9333333333333333,
      "support": 8.0
    },
    "fans_supporters": {
      "precision": 0.8333333333333334,
      "recall": 0.7142857142857143,
      "f1-score": 0.7692307692307693,
      "support": 7.0
    },
    "frustration_expression": {
      "precision": 0.8333333333333334,
      "recall": 0.5555555555555556,
      "f1-score": 0.6666666666666666,
      "support": 9.0
    },
    "future_hope": {
      "precision": 0.6666666666666666,
      "recall": 0.6666666666666666,
      "f1-score": 0.6666666666666666,
      "support": 3.0
    },
    "future_projection": {
      "precision": 0.8333333333333334,
      "recall": 0.8333333333333334,
      "f1-score": 0.8333333333333334,
      "support": 12.0
    },
    "historical_comparison": {
      "precision": 1.0,
      "recall": 0.6,
      "f1-score": 0.75,
      "support": 5.0
    },
    "hopeful_skepticism": {
      "precision": 0.6666666666666666,
      "recall": 1.0,
      "f1-score": 0.8,
      "support": 4.0
    },
    "immediate_reaction": {
      "precision": 0.8214285714285714,
      "recall": 0.9583333333333334,
      "f1-score": 0.8846153846153846,
      "support": 24.0
    },
    "infrastructure": {
      "precision": 0.5714285714285714,
      "recall": 0.8,
      "f1-score": 0.6666666666666666,
      "support": 5.0
    },
    "international_collaboration": {
      "precision": 1.0,
      "recall": 0.4,
      "f1-score": 0.5714285714285714,
      "support": 5.0
    },
    "long_term_perspective": {
      "precision": 0.0,
      "recall": 0.0,
      "f1-score": 0.0,
      "support": 1.0
    },
    "management_decisions": {
      "precision": 0.75,
      "recall": 0.75,
      "f1-score": 0.75,
      "support": 4.0
    },
    "media_analysts": {
      "precision": 0.75,
      "recall": 0.42857142857142855,
      "f1-score": 0.5454545454545454,
      "support": 7.0
    },
    "negative_criticism": {
      "precision": 0.9285714285714286,
      "recall": 0.8666666666666667,
      "f1-score": 0.896551724137931,
      "support": 15.0
    },
    "neutral_observation": {
      "precision": 1.0,
      "recall": 0.6666666666666666,
      "f1-score": 0.8,
      "support": 6.0
    },
    "opponents": {
      "precision": 0.875,
      "recall": 0.8940809968847352,
      "f1-score": 0.884437596302003,
      "support": 321.0
    },
    "passionate_disappointment": {
      "precision": 0.7241379310344828,
      "recall": 0.875,
      "f1-score": 0.7924528301886793,
      "support": 24.0
    },
    "patriotic_sadness": {
      "precision": 0.9434523809523809,
      "recall": 0.8364116094986808,
      "f1-score": 0.8867132867132868,
      "support": 379.0
    },
    "players": {
      "precision": 0.7733333333333333,
      "recall": 0.9508196721311475,
      "f1-score": 0.8529411764705882,
      "support": 61.0
    },
    "positive_support": {
      "precision": 0.8064516129032258,
      "recall": 0.9615384615384616,
      "f1-score": 0.8771929824561403,
      "support": 52.0
    },
    "pssi_management": {
      "precision": 0.9349593495934959,
      "recall": 0.8984375,
      "f1-score": 0.9163346613545816,
      "support": 128.0
    },
    "referees": {
      "precision": 0.6388888888888888,
      "recall": 1.0,
      "f1-score": 0.7796610169491526,
      "support": 23.0
    },
    "respectful_acknowledgment": {
      "precision": 0.7241379310344828,
      "recall": 1.0,
      "f1-score": 0.84,
      "support": 21.0
    },
    "short_term_analysis": {
      "precision": 1.0,
      "recall": 1.0,
      "f1-score": 1.0,
      "support": 6.0
    },
    "strategic_frustration": {
      "precision": 0.0,
      "recall": 0.0,
      "f1-score": 0.0,
      "support": 1.0
    },
    "systemic_problems": {
      "precision": 1.0,
      "recall": 0.45454545454545453,
      "f1-score": 0.625,
      "support": 11.0
    },
    "tactical_issues": {
      "precision": 0.8571428571428571,
      "recall": 0.8823529411764706,
      "f1-score": 0.8695652173913043,
      "support": 34.0
    },
    "technical_performance": {
      "precision": 0.9032258064516129,
      "recall": 1.0,
      "f1-score": 0.9491525423728814,
      "support": 28.0
    },
    "youth_investment": {
      "precision": 0.7727272727272727,
      "recall": 1.0,
      "f1-score": 0.8717948717948718,
      "support": 17.0
    },
    "accuracy": 0.8715447154471545,
    "macro avg": {
      "precision": 0.7608551293583011,
      "recall": 0.7333817980056863,
      "f1-score": 0.7296725407129503,
      "support": 1230.0
    },
    "weighted avg": {
      "precision": 0.8799408626293359,
      "recall": 0.8715447154471545,
      "f1-score": 0.8697724759743782,
      "support": 1230.0
    }
  },