{
  "model": "LinearSVC with Scaling",
  "train_accuracy": 0.9966230476994512,
  "test_accuracy": 0.7484524479459763,
  "train_f1": 0.9966239086653724,
  "test_f1": 0.7492036401949095,
  "gap_accuracy": 0.24817059975347489,
  "gap_f1": 0.24742026847046295,
  "cv_mean": 0.6990943523730906,
  "cv_std": 0.017069328098333177
}